{
  "signal_var": 0.5866,
  "input_var": [0.0027415, 0.0025],
  "lengthscale": [0.1022, 0.2110],
  "lower_bound": [-0.174533, 4.1],
  "upper_bound": [0.785398, 5.0],
  "input_dim": 2,
  "g_opt": 0.0
}
